DD37Cf93aecA6Dc,Sheryl,Baxter,Rasmussen Group,zunigavanessa@smith.info
1Ef7b82A4CAAD10,Preston,Lozano,Vega-Gentry,vmata@colon.com
6F94879bDAfE5a6,Roy,Berry,Murillo-Perry,beckycarr@hogan.com
5Cef8BFA16c5e3c,Linda,Olsen,"Dominguez, Mcmillan and Donovan",stanleyblackwell@benson.org
053d585Ab6b3159,Joanna,Bender,"Martin, Lang and Andrade",colinalvarado@miles.net
2d08FB17EE273F4,Aimee,Downs,Steele Group,louis27@gilbert.com
EA4d384DfDbBf77,Darren,Peck,"Lester, Woodard and Mitchell",tgates@cantrell.com
0e04AFde9f225dE,Brett,Mullen,"Sanford, Davenport and Giles",asnow@colon.com
C2dE4dEEc489ae0,Sheryl,Meyers,Browning-Simon,mariokhan@ryan-pope.org
8C2811a503C7c5a,Michelle,Gallagher,Beck-Hendrix,mdyer@escobar.net
216E205d6eBb815,Carl,Schroeder,"Oconnell, Meza and Everett",kirksalas@webb.com
CEDec94deE6d69B,Jenna,Dodson,"Hoffman, Reed and Mcclain",mark42@robbins.com
e35426EbDEceaFF,Tracey,Mata,Graham-Francis,alex56@walls.org
A08A8aF8BE9FaD4,Kristine,Cox,Carpenter-Cook,holdenmiranda@clarke.com
6fEaA1b7cab7B6C,Faith,Lutz,Carter-Hancock,cassieparrish@blevins-chapman.net
8cad0b4CBceaeec,Miranda,Beasley,Singleton and Sons,vduncan@parks-hardy.com
a5DC21AE3a21eaA,Caroline,Foley,Winters-Mendoza,holtgwendolyn@watson-davenport.com
F8Aa9d6DfcBeeF8,Greg,Mata,Valentine LLC,jaredjuarez@carroll.org
F160f5Db3EfE973,Clifford,Jacobson,Simon LLC,joseph26@jacobson.com
0F60FF3DdCd7aB0,Joanna,Kirk,Mays-Mccormick,tuckerangie@salazar.net
9F9AdB7B8A6f7F2,Maxwell,Frye,Patterson Inc,fgibson@drake-webb.com
FBd0Ded4F02a742,Kiara,Houston,"Manning, Hester and Arroyo",blanchardbob@wallace-shannon.com
2FB0FAA1d429421,Colleen,Howard,Greer and Sons,rsingleton@ryan-cherry.com
010468dAA11382c,Janet,Valenzuela,Watts-Donaldson,stefanie71@spence.com
eC1927Ca84E033e,Shane,Wilcox,Tucker LLC,mariah88@santos.com
09D7D7C8Fe09aea,Marcus,Moody,Giles Ltd,donnamullins@norris-barrett.org
aBdfcF2c50b0bfD,Dakota,Poole,Simmons Group,stacey67@fields.org
b92EBfdF8a3f0E6,Frederick,Harper,"Hinton, Chaney and Stokes",jacobkhan@bright.biz
3B5dAAFA41AFa22,Stefanie,Fitzpatrick,Santana-Duran,wterrell@clark.com
EDA69ca7a6e96a2,Kent,Bradshaw,Sawyer PLC,qjimenez@boyd.com
64DCcDFaB9DFd4e,Jack,Tate,"Acosta, Petersen and Morrow",gfigueroa@boone-zavala.com
679c6c83DD872d6,Tom,Trujillo,Mcgee Group,tapiagreg@beard.info
7Ce381e4Afa4ba9,Gabriel,Mejia,Adkins-Salinas,coleolson@jennings.net
A09AEc6E3bF70eE,Kaitlyn,Santana,Herrera Group,georgeross@miles.org
aA9BAFfBc3710fe,Faith,Moon,"Waters, Chase and Aguilar",willistonya@randolph-baker.com
E11dfb2DB8C9f72,Tammie,Haley,"Palmer, Barnes and Houston",harrisisaiah@jenkins.com
889eCf90f68c5Da,Nicholas,Sosa,Jordan Ltd,fwolfe@dorsey.com
7a1Ee69F4fF4B4D,Jordan,Gay,Glover and Sons,tiffanydavies@harris-mcfarland.org
dca4f1D0A0fc5c9,Bruce,Esparza,Huerta-Mclean,preese@frye-vega.com
17aD8e2dB3df03D,Sherry,Garza,Anderson Ltd,ann48@miller.com
2f79Cd309624Abb,Natalie,Gentry,Monroe PLC,tcummings@fitzpatrick-ashley.com
6e5ad5a5e2bB5Ca,Bryan,Dunn,Kaufman and Sons,woodwardandres@phelps.com
7E441b6B228DBcA,Wayne,Simpson,Perkins-Trevino,barbarapittman@holder.com
D3fC11A9C235Dc6,Luis,Greer,Cross PLC,bstuart@williamson-mcclure.com
30Dfa48fe5Ede78,Rhonda,Frost,"Herrera, Shepherd and Underwood",zkrueger@wolf-chavez.net
fD780ED8dbEae7B,Joanne,Montes,"Price, Sexton and Mcdaniel",juan80@henson.net
300A40d3ce24bBA,Geoffrey,Guzman,Short-Wiggins,bauercrystal@gay.com
283DFCD0Dba40aF,Gloria,Mccall,"Brennan, Acosta and Ramos",bartlettjenna@zuniga-moss.biz
F4Fc91fEAEad286,Brady,Cohen,Osborne-Erickson,mccalltyrone@durham-rose.biz
80F33Fd2AcebF05,Latoya,Mccann,"Hobbs, Garrett and Sanford",bobhammond@barry.biz
Aa20BDe68eAb0e9,Gerald,Hawkins,"Phelps, Forbes and Koch",uwarner@steele-arias.com
e898eEB1B9FE22b,Samuel,Crawford,"May, Goodwin and Martin",xpittman@ritter-carney.net
faCEF517ae7D8eB,Patricia,Goodwin,"Christian, Winters and Ellis",vaughanchristy@lara.biz
c09952De6Cda8aA,Stacie,Richard,Byrd Inc,clinton85@colon-arias.org
f3BEf3Be028166f,Robin,West,"Nixon, Blackwell and Sosa",greenemiranda@zimmerman.com
C6F2Fc6a7948a4e,Ralph,Haas,Montes PLC,goodmancesar@figueroa.biz
c8FE57cBBdCDcb2,Phyllis,Maldonado,Costa PLC,yhanson@warner-diaz.org
B5acdFC982124F2,Danny,Parrish,Novak LLC,howelldarren@house-cohen.com
8c7DdF10798bCC3,Kathy,Hill,"Moore, Mccoy and Glass",ncamacho@boone-simmons.org
C681dDd0cc422f7,Kelli,Hardy,Petty Ltd,kristopher62@oliver.com
a940cE42e035F28,Lynn,Pham,"Brennan, Camacho and Tapia",mpham@rios-guzman.com
9Cf5E6AFE0aeBfd,Shelley,Harris,"Prince, Malone and Pugh",zachary96@mitchell-bryant.org
aEcbe5365BbC67D,Eddie,Jimenez,Caldwell Group,kristiwhitney@bernard.com
FCBdfCEAe20A8Dc,Chloe,Hutchinson,Simon LLC,leah85@sutton-terrell.com
636cBF0835E10ff,Eileen,Lynch,"Knight, Abbott and Hubbard",levigiles@vincent.com
fF1b6c9E8Fbf1ff,Fernando,Lambert,Church-Banks,fisherlinda@schaefer.net
2A13F74EAa7DA6c,Makayla,Cannon,Henderson Inc,scottcurtis@hurley.biz
a014Ec1b9FccC1E,Tom,Alvarado,Donaldson-Dougherty,nicholsonnina@montgomery.info
421a109cABDf5fa,Virginia,Dudley,Warren Ltd,zvalencia@phelps.com
CC68FD1D3Bbbf22,Riley,Good,Wade PLC,alex06@galloway.com
CBCd2Ac8E3eBDF9,Alexandria,Buck,Keller-Coffey,lee48@manning.com
Ef859092FbEcC07,Richard,Roth,Conway-Mcbride,aharper@maddox-townsend.org
F560f2d3cDFb618,Candice,Keller,Huynh and Sons,buckleycory@odonnell.net
A3F76Be153Df4a3,Anita,Benson,Parrish Ltd,angie04@oconnell.com
D01Af0AF7cBbFeA,Regina,Stein,Guzman-Brown,zrosario@rojas-hardin.net
d40e89dCade7b2F,Debra,Riddle,"Chang, Aguirre and Leblanc",shieldskerry@robles.com
BF6a1f9bd1bf8DE,Brittany,Zuniga,Mason-Hester,mchandler@cochran-huerta.org
FfaeFFbbbf280db,Cassidy,Mcmahon,"Mcguire, Huynh and Hopkins",katrinalane@fitzgerald.com
CbAE1d1e9a8dCb1,Laurie,Pennington,"Sanchez, Marsh and Hale",cookejill@powell.com
A7F85c1DE4dB87f,Alejandro,Blair,"Combs, Waller and Durham",elizabethbarr@ewing.com
D6CEAfb3BDbaa1A,Leslie,Jennings,Blankenship-Arias,corey75@wiggins.com
Ebdb6F6F7c90b69,Kathleen,Mckay,"Coffey, Lamb and Johnson",chloelester@higgins-wilkinson.com
E8E7e8Cfe516ef0,Hunter,Moreno,Fitzpatrick-Lawrence,isaac26@benton-finley.com
78C06E9b6B3DF20,Chad,Davidson,Garcia-Jimenez,justinwalters@jimenez.com
03A1E62ADdeb31c,Corey,Holt,"Mcdonald, Bird and Ramirez",maurice46@morgan.com
C6763c99d0bd16D,Emma,Cunningham,Stephens Inc,walter83@juarez.org
ebe77E5Bf9476CE,Duane,Woods,Montoya-Miller,kmercer@wagner.com
E4Bbcd8AD81fC5f,Alison,Vargas,"Vaughn, Watts and Leach",vcantu@norton.com
efeb73245CDf1fF,Vernon,Kane,Carter-Strickland,hilljesse@barrett.info
37Ec4B395641c1E,Lori,Flowers,Decker-Mcknight,tyrone77@valenzuela.info
5ef6d3eefdD43bE,Nina,Chavez,Byrd-Campbell,elliserica@frank.com
98b3aeDcC3B9FF3,Shane,Foley,Rocha-Hart,nsteele@sparks.com
aAb6AFc7AfD0fF3,Collin,Ayers,Lamb-Peterson,dudleyemily@gonzales.biz
54B5B5Fe9F1B6C5,Sherry,Young,"Lee, Lucero and Johnson",alan79@gates-mclaughlin.com
BE91A0bdcA49Bbc,Darrell,Douglas,"Newton, Petersen and Mathis",grayjean@lowery-good.com
cb8E23e48d22Eae,Karl,Greer,Carey LLC,hhart@jensen.com
CeD220bdAaCfaDf,Lynn,Atkinson,"Ware, Burns and Oneal",vkemp@ferrell.com
28CDbC0dFe4b1Db,Fred,Guerra,Schmitt-Jones,swagner@kane.org
c23d1D9EE8DEB0A,Yvonne,Farmer,Fitzgerald-Harrell,mccarthystephen@horn-green.biz
2354a0E336A91A1,Clarence,Haynes,"Le, Nash and Cross",colleen91@faulkner.biz
